ticker,date,time,title,sentiment_value
APLE,2023-09-05,04:15PM,Apple Hospitality REIT Announces Dates for Third Quarter 2023 Earnings Release and Conference Call,neutral
APLE,2023-09-01,06:51PM,"Blackstone and Airbnb Set to Join S&P 500; Others to Join S&P 100, S&P MidCap 400 and S&P SmallCap 600",neutral
APLE,2023-08-18,09:00AM,Apple Hospitality REIT Announces Monthly Distribution,neutral
APLE,2023-08-03,04:15PM,Apple Hospitality REIT Reports Results of Operations for Second Quarter 2023,neutral
APLE,2023-07-20,09:00AM,Apple Hospitality REIT Announces Monthly Distribution,neutral
APLE,2023-07-05,04:15PM,Apple Hospitality REIT Acquires the Courtyard by Marriott Cleveland University Circle,neutral
APLE,2023-07-03,08:30AM,Do Options Traders Know Something About Apple Hospitality (APLE) Stock We Don't?,neutral
APLE,2023-06-28,04:15PM,Apple Hospitality REIT Recognizes Top Performers with 2022 Apple Awards,neutral
APLE,2023-06-20,04:15PM,Apple Hospitality REIT Announces Dates for Second Quarter 2023 Earnings Release and Conference Call,neutral
APLE,2023-06-20,09:00AM,Apple Hospitality REIT Announces Monthly Distribution,neutral
APLE,2023-05-31,08:34AM,Is the Options Market Predicting a Spike in Apple Hospitality (APLE) Stock?,neutral
APLE,2023-05-18,09:00AM,Apple Hospitality REIT Announces Monthly Distribution,neutral
APLE,2023-05-02,08:24PM,Wells Fargo Says Buy These 2 High-Yield Dividend Stocks  Including One With 10% Yield,neutral
APLE,2023-05-02,04:15PM,Apple Hospitality REIT Reports Results of Operations for First Quarter 2023,neutral
APLE,2023-04-18,09:00AM,Apple Hospitality REIT Announces Monthly Distribution,neutral
APLE,2023-03-23,04:15PM,Apple Hospitality REIT Announces Dates for First Quarter 2023 Earnings Release and Conference Call,neutral
APLE,2023-03-20,09:00AM,Apple Hospitality REIT Announces Monthly Distribution,neutral
APLE,2023-03-03,09:00AM,Apple Hospitality REIT Appoints Carolyn Handlon to Board of Directors and Announces Date for 2023 Annual Meeting of Shareholders,neutral
APLE,2023-02-21,04:15PM,Apple Hospitality REIT Reports Results of Operations for Fourth Quarter and Full Year 2022,neutral
APLE,2023-02-17,09:00AM,Apple Hospitality REIT Announces Monthly Distribution,neutral
APLE,2023-01-20,09:00AM,Apple Hospitality REIT Announces Monthly Distribution,neutral
APLE,2023-01-09,04:15PM,Apple Hospitality REIT Announces Dates for Fourth Quarter and Full Year 2022 Earnings Release and Conference Call,neutral
APLE,2022-12-22,04:15PM,Apple Hospitality REIT Publishes Inaugural Corporate Responsibility Report,neutral
APLE,2022-12-20,09:00AM,Apple Hospitality REIT Announces Monthly Distribution and Special Distribution for 2022,neutral
APLE,2022-11-18,09:00AM,Apple Hospitality REIT Announces December 2022 Distribution,neutral
APLE,2022-11-07,04:15PM,Apple Hospitality REIT Reports Results of Operations for Third Quarter 2022,neutral
APLE,2022-10-26,04:15PM,Apple Hospitality REIT Acquires the AC Hotel by Marriott Louisville Downtown and the AC Hotel by Marriott Pittsburgh Downtown,neutral
APLE,2022-10-20,09:00AM,Apple Hospitality REIT Announces Increase in Monthly Distribution Beginning with November 2022 Distribution,positive
APLE,2022-09-20,09:00AM,Apple Hospitality REIT Announces October 2022 Distribution,neutral
APLE,2022-09-15,04:15PM,Apple Hospitality REIT Announces Dates for Third Quarter 2022 Earnings Release and Conference Call,neutral
APLE,2022-08-17,09:00AM,Apple Hospitality REIT Announces Increase in Monthly Distribution Beginning with September 2022 Distribution,positive
APLE,2022-08-04,04:15PM,Apple Hospitality REIT Reports Results of Operations for Second Quarter 2022,neutral
APLE,2022-08-04,09:30AM,Apple Hospitality REIT (APLE) Just Reclaimed the 200-Day Moving Average,neutral
APLE,2022-08-04,08:02AM,"What Type Of Shareholders Make Up Apple Hospitality REIT, Inc.'s (NYSE:APLE) Share Registry?",neutral
APLE,2022-07-27,04:15PM,"Apple Hospitality REIT Successfully Upsizes and Extends Primary Unsecured Credit Facility, Enhancing Balance Sheet Strength and Flexibility",positive
APLE,2022-07-20,09:00AM,Apple Hospitality REIT Announces August 2022 Distribution,neutral
APLE,2022-07-12,09:55AM,Wall Street Analysts See a 35% Upside in Apple Hospitality REIT (APLE): Can the Stock Really Move This High?,negative
APLE,2022-06-21,09:00AM,Apple Hospitality REIT Announces July 2022 Distribution,neutral
APLE,2022-06-16,04:15PM,Apple Hospitality REIT Recognizes Hotel Associates with 2021 Apple Awards,neutral
APLE,2022-06-15,04:21PM,Top Hotel Stocks for Q3 2022,neutral
APLE,2022-06-15,04:15PM,Apple Hospitality REIT Announces Dates for Second Quarter 2022 Earnings Release and Conference Call,neutral
APLE,2022-05-26,09:06AM,Is the Options Market Predicting a Spike in Apple Hospitality (APLE) Stock?,neutral
APLE,2022-05-19,09:00AM,Apple Hospitality REIT Announces June 2022 Distribution,neutral
APLE,2022-05-05,04:15PM,Apple Hospitality REIT Reports Results of Operations for First Quarter 2022,neutral
APLE,2022-05-03,07:25AM,Geo Group (GEO) Q1 FFO Surpass Estimates,positive
APLE,2022-05-02,11:05AM,Investors in Apple Hospitality REIT (NYSE:APLE) have made a return of 12% over the past year,positive
APLE,2022-04-21,09:00AM,Apple Hospitality REIT Announces May 2022 Distribution,neutral
APLE,2022-03-24,04:15PM,Apple Hospitality REIT Announces Dates for First Quarter 2022 Earnings Release and Conference Call,neutral
APLE,2022-03-21,06:45PM,"Apple Hospitality REIT, Inc.'s (NYSE:APLE) Stock's Been Going Strong: Could Weak Financials Mean The Market Will Correct Its Share Price?",positive
APLE,2022-03-18,09:00AM,Apple Hospitality REIT Announces April 2022 Distribution and Date of 2022 Annual Meeting of Shareholders,neutral
APLE,2022-02-22,04:15PM,Apple Hospitality REIT Reports Results of Operations for Fourth Quarter and Full Year 2021 and Announces Monthly Distribution for March 2022,neutral
APLE,2022-01-27,01:38PM,"Manning & Napier Group, Llc Buys Activision Blizzard Inc, Anaplan Inc, United Parcel ...",neutral
APLE,2022-01-19,05:52AM,"How Much Of Apple Hospitality REIT, Inc. (NYSE:APLE) Do Insiders Own?",neutral
APLE,2022-01-04,04:15PM,Apple Hospitality REIT Announces Dates for Fourth Quarter and Full Year 2021 Earnings Release and Conference Call,neutral
APLE,2021-12-15,09:00AM,Apple Hospitality REIT Announces Distribution for Fourth Quarter of 2021,neutral
APLE,2021-12-09,07:38PM,"Nationwide Variable Insurance Trust Buys Ollie's Bargain Outlet Holdings Inc, Grocery Outlet ...",neutral
APLE,2021-12-02,12:00PM,Apple Hospitality REIT (APLE) Moves to Strong Buy: Rationale Behind the Upgrade,neutral
APLE,2021-11-18,04:15PM,Apple Hospitality REIT Acquires Portfolio of Three Hotels,neutral
APLE,2021-11-04,04:15PM,Apple Hospitality REIT Reports Results of Operations for Third Quarter 2021,neutral
APLE,2021-10-13,06:48AM,Investing in Apple Hospitality REIT (NYSE:APLE) a year ago would have delivered you a 57% gain,positive
APLE,2021-10-07,08:46AM,"Apple Hospitality (APLE): Strong Industry, Solid Earnings Estimate Revisions",positive
APLE,2021-09-16,04:15PM,Apple Hospitality REIT Announces Dates for Third Quarter 2021 Earnings Release and Conference Call,neutral
APLE,2021-09-15,09:00AM,Apple Hospitality REIT Announces Distribution for Third Quarter of 2021,neutral
APLE,2021-09-13,04:15PM,"Apple Hospitality REIT Acquires the Aloft Portland, Maine",neutral
APLE,2021-09-02,04:15PM,"Apple Hospitality REIT Acquires Hyatt Place in Greenville, South Carolina",neutral
APLE,2021-08-23,04:15PM,"Apple Hospitality REIT Acquires AC Hotel by Marriott in Portland, Maine",neutral
APLE,2021-08-14,03:07AM,"Executive Chairman Glade Knight Just Bought A Handful Of Shares In Apple Hospitality REIT, Inc. (NYSE:APLE)",neutral
APLE,2021-08-12,01:50AM,"What Kind Of Shareholders Hold The Majority In Apple Hospitality REIT, Inc.'s (NYSE:APLE) Shares?",neutral
APLE,2021-08-05,04:15PM,Apple Hospitality REIT Reports Results of Operations for Second Quarter 2021,neutral
APLE,2021-06-16,09:00AM,Apple Hospitality REIT Announces Distribution for Second Quarter of 2021,neutral
APLE,2021-06-15,09:00AM,Apple Hospitality REIT Announces Dates for Second Quarter 2021 Earnings Release and Conference Call,neutral
APLE,2021-06-13,03:17AM,"How Many Apple Hospitality REIT, Inc. (NYSE:APLE) Shares Did Insiders Buy, In The Last Year?",neutral
APLE,2021-05-14,04:15PM,Apple Hospitality REIT Recognizes Hotel Associates with 2020 Apple Awards,neutral
APLE,2021-05-07,07:45AM,"Apple Hospitality REIT, Inc. to Host Earnings Call",neutral
APLE,2021-05-06,04:15PM,Apple Hospitality REIT Reports Results of Operations for First Quarter 2021,neutral
APLE,2021-04-14,01:31AM,Investors Who Bought Apple Hospitality REIT (NYSE:APLE) Shares A Year Ago Are Now Up 71%,positive
APLE,2021-03-23,04:15PM,Apple Hospitality REIT Announces Dates for First Quarter 2021 Earnings Release and Conference Call,neutral
APLE,2021-03-19,09:00AM,Apple Hospitality REIT Announces Distribution for First Quarter of 2021,neutral
APLE,2021-03-02,04:15PM,Apple Hospitality REIT Announces Appointment of Howard Woolley to its Board of Directors and Date for its 2021 Annual Meeting of Shareholders,neutral
APLE,2021-03-02,06:30AM,Apple Hospitality REIT Extends Credit Facility Waiver Period and Enhances Financial Flexibility,positive
APLE,2021-02-24,07:45AM,"Apple Hospitality REIT, Inc. to Host Earnings Call",neutral
APLE,2021-02-23,04:15PM,Apple Hospitality REIT Reports Results of Operations for Fourth Quarter and Full Year 2020,neutral
APLE,2021-01-07,04:30PM,Apple Hospitality REIT Announces Dates for Fourth Quarter and Full Year 2020 Earnings Release and Conference Call,neutral
APLE,2020-12-21,09:00AM,Apple Hospitality REIT Enhances Corporate Responsibility Disclosures,neutral
APLE,2020-12-18,09:00AM,Apple Hospitality REIT Recognized with 2019 Hilton Legacy Award,positive
APLE,2020-12-14,11:18PM,"Apple Hospitality REIT, Inc. (NYSE:APLE) Insiders Increased Their Holdings",neutral
APLE,2020-12-13,09:58PM,Is APLE A Good Stock To Buy Now?,positive
APLE,2020-11-05,04:15PM,Apple Hospitality REIT Reports Results of Operations for Third Quarter 2020,neutral
APLE,2020-10-16,06:33AM,Apple Hospitality REIT's (NYSE:APLE) Stock Price Has Reduced 47% In The Past Five Years,negative
APLE,2020-09-28,04:15PM,Apple Hospitality REIT Announces Dates for Third Quarter 2020 Earnings Release and Conference Call,neutral
APLE,2020-09-23,02:01PM,Top Hotel Stocks for Q4 2020,neutral
APLE,2020-08-17,10:31AM,"What Percentage Of Apple Hospitality REIT, Inc. (NYSE:APLE) Shares Do Insiders Own?",neutral
APLE,2020-08-14,09:00AM,"Apple Hospitality REIT Acquires Hyatt House and Hyatt Place in Tempe, Arizona",neutral
APLE,2020-08-06,04:15PM,Apple Hospitality REIT Reports Results of Operations for Second Quarter 2020,neutral
APLE,2020-07-07,09:00AM,Apple Hospitality REIT Announces Dates for Second Quarter 2020 Earnings Release and Conference Call,neutral
APLE,2020-07-04,02:00PM,Were Hedge Funds Right About Ditching Apple Hospitality REIT Inc (APLE)?,neutral
APLE,2020-06-27,01:12AM,Edited Transcript of APLE earnings conference call or presentation 19-May-20 2:00pm GMT,neutral
APLE,2020-06-14,08:32AM,"Trade Alert: The Executive Chairman Of Apple Hospitality REIT, Inc. (NYSE:APLE), Glade Knight, Has Just Spent US$57k Buying A Few More Shares",neutral
APLE,2020-05-18,05:35PM,Apple Hospitality REIT (APLE) Q1 FFO and Revenues Lag Estimates,negative
APLE,2020-05-18,04:15PM,Apple Hospitality REIT Reports Results of Operations for First Quarter 2020,neutral
MSFT,2023-09-05,07:42PM,"AI, jobs, & Microsoft: Day one takeaways from Goldman Sachs' tech conference",neutral
MSFT,2023-09-05,05:45PM,Microsoft (MSFT) Gains As Market Dips: What You Should Know,positive
MSFT,2023-09-05,05:34PM,Why Zoom Stock Topped the Market on Tuesday,positive
MSFT,2023-09-05,04:53PM,Zoom CFO: New AI Companion will motivate users toward paid subscriptions,positive
MSFT,2023-09-05,04:33PM,Big Tech preparing for EU's Digital Markets Act,neutral
MSFT,2023-09-05,03:34PM,"FTC Should Look at Microsoft Teams Bundle After EU Investigation, Zoom CEO Says",neutral
MSFT,2023-09-05,03:26PM,CrowdStrike CEO: 'Microsoft is always going to be a competitor',neutral
MSFT,2023-09-05,03:21PM,Best Dow Jones Stocks To Buy And Watch In September 2023: Apple's New Buy Point,neutral
MSFT,2023-09-05,01:45PM,Microsoft (MSFT) Seeks to Dodge EU's Gatekeepers Tag for Bing,neutral
MSFT,2023-09-05,12:31PM,G42 and Microsoft unlock new opportunities for digital transformation with joint sovereign cloud and AI offering,positive
MSFT,2023-09-05,12:11PM,Alphabet (GOOGL) Adds Latest Feature to Google Keep App,neutral
MSFT,2023-09-05,11:00AM,Is Salesforce Stock A Buy As Margins Improve But Revenue Growth Lags?,positive
MSFT,2023-09-05,10:45AM,"A Bull Market Is Coming: 1 Unstoppable Growth Stock to Buy Before It Soars 1,991%, According to Wall Street",neutral
MSFT,2023-09-05,10:15AM,Software Stocks To Watch Amid Artificial Intelligence-Generated Rally,neutral
MSFT,2023-09-05,08:41AM,Heres Why Microsoft Corporation (MSFT) Outperformed in Q2,negative
MSFT,2023-09-04,08:25PM,PRESS DIGEST- Financial Times - Sept. 5,neutral
MSFT,2023-09-04,04:20PM,"Apple and Microsoft say some services not popular to be ""gatekeepers"" under EU's new Digital Market Act- FT",neutral
MSFT,2023-09-04,04:00PM,Apple and Microsoft say flagship services not popular enough to be gatekeepers,neutral
MSFT,2023-09-04,04:00PM,Apple and Microsoft fight Brussels over gatekeeper label for iMessage and Bing,negative
MSFT,2023-09-04,04:00PM,Apple and Microsoft clash with EU over gatekeeper label for iMessage and Bing,negative
MSFT,2023-09-04,12:00PM,3 Top Tech Stocks to Buy in September,neutral
MSFT,2023-09-04,06:00AM,ChatGPT Is Making History: 2 Artificial Intelligence (AI) Growth Stocks to Buy Now and Hold Through the Boom,positive
MSFT,2023-09-03,11:30AM,Salesforce Stock: Bear vs. Bull,neutral
MSFT,2023-09-03,10:04AM,18 Biggest Generative AI Companies In The World,neutral
MSFT,2023-09-02,12:30PM,Author Behnam Tabrizi on Leaders and Innovation,neutral
MSFT,2023-09-02,10:00AM,Here's why stocks may surprise to the upside in September,neutral
MSFT,2023-09-01,02:50PM,Ally partners with Microsoft to leverage generative artificial intelligence,neutral
MSFT,2023-09-01,02:40PM,Microsoft-Backed Rubrik Aims for IPO as Soon as This Year,neutral
MSFT,2023-09-01,10:31AM,"SentinelOne, Inc. (NYSE:S) Q2 2024 Earnings Call Transcript",neutral
MSFT,2023-09-01,09:30AM,Why This 1 Computer and Technology Stock Could Be a Great Addition to Your Portfolio,neutral
MSFT,2023-09-01,09:00AM,Investors Heavily Search Microsoft Corporation (MSFT): Here is What You Need to Know,neutral
MSFT,2023-09-01,09:00AM,2 Cheap AI Stocks That Are Not Microsoft to Buy Hand Over Fist Before They Take Off,neutral
MSFT,2023-09-01,08:38AM,Microsoft (MSFT) to Unbundle Teams From Office 365 in Europe,neutral
MSFT,2023-09-01,07:30AM,Q2 2024 SentinelOne Inc Earnings Call,neutral
MSFT,2023-09-01,05:30AM,SentinelOne (S) Q2 2024 Earnings Call Transcript,neutral
MSFT,2023-09-01,12:01AM,The paper trail revealing hidden Adani investors,neutral
MSFT,2023-08-31,11:20PM,Long-Term Returns of David Einhorns Activist Targets,neutral
MSFT,2023-08-31,10:58PM,List of 55 Artificial Intelligence Companies in USA,neutral
MSFT,2023-08-31,10:23PM,16 Best High Volume Stocks To Buy Today,neutral
MSFT,2023-08-31,08:39PM,Goldman Sachs AI Stocks: Top 10 Stock Picks,neutral
MSFT,2023-08-31,02:12PM,Microsoft to Unbundle Teams Software From Office Suites to Appease EU Regulators,neutral
MSFT,2023-08-31,12:25PM,Goldman Sachs tech conference: Analyst's 3 things to watch,neutral
MSFT,2023-08-31,11:57AM,"Goldman Sachs' Fintech Unit Faces Scrutiny, EU Probe Prompts Microsoft To Unbundle Teams App, UBS Records Bumper Q2 Profit Thanks To Goodwill: Today's Top Stories",negative
MSFT,2023-08-31,11:56AM,Microsoft to unbundle Teams from Office suite in Europe,neutral
MSFT,2023-08-31,11:31AM,Microsoft vs Apple: Which Is the Better Dividend Stock?,neutral
MSFT,2023-08-31,10:13AM,Lumen (LUMN) Uses Microsoft 365 Copilot to Enhance Productivity,neutral
MSFT,2023-08-31,09:55AM,"1 Super Stock Set to Join Apple, Microsoft, Amazon, Alphabet, and Nvidia in the $1 Trillion Club",neutral
MSFT,2023-08-31,08:57AM,Arista Stock Jumps. An Analyst Now Says Its Time to Buy.,neutral
MSFT,2023-08-31,08:23AM,Billionaire Ken Fisher and Bill Gates Love These 7 Stocks,neutral
MSFT,2023-08-31,07:05AM,Microsoft to Unbundle Teams Software in Europe,neutral
MSFT,2023-08-31,06:54AM,Microsoft to stop packaging Teams and Office software in Europe to head off EU antitrust action,negative
MSFT,2023-08-31,06:40AM,"Stocks nudge higher, inflation data on deck, Salesforce earnings, Broadcom up next, Microsoft Teams move - 5 Things To Know",neutral
MSFT,2023-08-31,06:34AM,Microsoft to unbundle Teams from Office to appease EU competition concern,neutral
MSFT,2023-08-31,06:23AM,AI startup Speak raises $16 million in latest funding led by Lachy Groom,neutral
MSFT,2023-08-31,06:00AM,AI startup Speak raises $16 mln in latest funding led by Lachy Groom,neutral
MSFT,2023-08-31,05:36AM,"Microsoft to Unbundle Teams Software in Europe, Delivering Win to Salesforces Slack",neutral
MSFT,2023-08-31,05:21AM,"3 ""Magnificent Seven"" Stocks Billionaires Are Buying Hand Over Fist",neutral
MSFT,2023-08-31,04:52AM,Microsoft to unbundle Teams to appease EU competition worries,neutral
MSFT,2023-08-31,04:15AM,Microsoft to unbundle Teams from Office in bid to allay EU antitrust concerns,neutral
MSFT,2023-08-31,03:14AM,"Microsoft to unbundle Teams from Office, seeks to avert EU antitrust fine",neutral
MSFT,2023-08-31,03:07AM,Microsoft to unbundle Teams from Office in bid to allay EU antitrust concerns,neutral
MSFT,2023-08-31,03:00AM,Microsoft to unbundle Teams from Office in bid to allay EU antitrust concerns,neutral
MSFT,2023-08-30,11:50PM,"Baidu, SenseTime Among First Firms to Win China AI Approval",positive
MSFT,2023-08-30,10:57PM,Earnings Quality: The Pillar of Sound Value Investing,neutral
MSFT,2023-08-30,08:30PM,"Google is bringing its generative AI search engine to India, Japan",neutral
MSFT,2023-08-30,07:18PM,15 Biggest Startup Failures in the World,negative
MSFT,2023-08-30,06:03PM,Factbox-Big names in Big Tech to attend AI forum of US Senate's Schumer,neutral
MSFT,2023-08-30,05:54PM,PS5 Sales by Country: Top 15 Countries,neutral
MSFT,2023-08-30,05:53PM,Dont want to go to a work meeting? Google is testing an A.I. tool that can go for you,neutral
MSFT,2023-08-30,05:45PM,Microsoft (MSFT) Gains But Lags Market: What You Should Know,neutral
MSFT,2023-08-30,04:30PM,"Economy: We have a goldilocks scenario, strategist says",neutral
MSFT,2023-08-30,03:06PM,"Nvidia just hit record highs, but stock may still be 'cheap,' says analyst",neutral
MSFT,2023-08-30,01:37PM,'Magnificent Seven' investing playbook: How high can Nvidia stock go?,neutral
MSFT,2023-08-30,11:00AM,Lumen Technologies dives into Microsoft 365 Copilot to help enhance employee efficiency and customer relationships,positive
MSFT,2023-08-30,10:46AM,"Nvidia is the AI king, but threats to its reign abound",negative
MSFT,2023-08-30,10:03AM,"Nvidia stock: 'The easy money has been made,' strategist says",neutral
MSFT,2023-08-30,10:00AM,Will Microsoft or Apple Win the Race to Be Worth $5 Trillion?,neutral
MSFT,2023-08-30,09:23AM,AI Steers the Auto Industry Toward Revolutionary Lanes,neutral
AMZN,2023-09-05,07:30PM,FTCs Amazon Antitrust Suit Likely to Be Filed in September,neutral
AMZN,2023-09-05,06:05PM,FTC may file suit against Amazon later this month - WSJ,negative
AMZN,2023-09-05,06:01PM,UPDATE 1-FTC may file suit against Amazon later this month - WSJ,negative
AMZN,2023-09-05,05:42PM,FTC to file suit against Amazon later this month - WSJ,negative
AMZN,2023-09-05,05:25PM,FTC Antitrust Suit Against Amazon Set for Later This Month After Meeting Fails to Resolve Impasse,negative
AMZN,2023-09-05,04:33PM,Big Tech preparing for EU's Digital Markets Act,neutral
AMZN,2023-09-05,02:01PM,"Nike stock: Jordan brand has 'lots of air left,' analyst says",neutral
AMZN,2023-09-05,11:00AM,3 Top E-Commerce Stocks to Buy in September,neutral
AMZN,2023-09-05,10:14AM,Amazons Andy Jassy shouldnt make return-to-office decisions in an echo chamber of CEOs driven by feelings,neutral
AMZN,2023-09-05,10:05AM,Amazon Records Longest Monthly Winning Streak: ETFs to Tap,neutral
AMZN,2023-09-05,10:00AM,The BMW Group Selects AWS to Power Next-Generation Automated Driving Platform,neutral
AMZN,2023-09-05,09:30AM,Amazon Just Struck a Deal to Supercharge Its Next $10 Billion Business,neutral
AMZN,2023-09-05,09:12AM,Here's 1 Stock That Could Join Apple and Amazon in the $1 Trillion Club That You Might Have Overlooked,neutral
AMZN,2023-09-05,08:45AM,3 No-Brainer Stocks I'd Buy Right Now Without Hesitation,neutral
AMZN,2023-09-05,08:22AM,Amazon ETFs in Focus After Longest Monthly Winning Streak Since 2011,neutral
AMZN,2023-09-05,05:10AM,Meta Platforms' Growth Is Being Driven by Chinese E-Commerce Companies. Here's Why It's a Red Flag for Amazon's Future.,neutral
AMZN,2023-09-04,12:00PM,3 Top Tech Stocks to Buy in September,neutral
AMZN,2023-09-04,09:59AM,Great News for Amazon Stock Investors,positive
AMZN,2023-09-04,09:33AM,Amazon-related retailer files surprise Chapter 11 bankruptcy,neutral
AMZN,2023-09-04,09:00AM,"Retailers eager for 'tsunami of business' from Gen Z shoppers, analyst says",neutral
AMZN,2023-09-04,09:00AM,"Dancing Pods, Dodging Forklifts: How Companies Are Using AI to Make Work Safer",neutral
AMZN,2023-09-04,08:01AM,Jeff Bezoss rivalry with Elon Musk has landed him with a lawsuitAmazon shareholders says SpaceX was snubbed in huge contract deal,negative
AMZN,2023-09-04,08:00AM,Labor Day shopping comes amid signs of stress at some large retailers,negative
AMZN,2023-09-04,08:00AM,A Bull Market Is Coming -- 1 Incredible Growth Stock to Buy Right Now to Help You Build Generational Wealth,neutral
AMZN,2023-09-03,10:15AM,Where Will Amazon Stock Be in 5 Years?,neutral
AMZN,2023-09-03,08:12AM,Investors Chat: Instacart IPO,neutral
AMZN,2023-09-03,08:00AM,Prediction: These 3 Stocks Could Be Among Wall Street's Largest by 2030,neutral
AMZN,2023-09-02,12:30PM,Author Behnam Tabrizi on Leaders and Innovation,neutral
AMZN,2023-09-02,07:30AM,3 Things About Amazon That Smart Investors Know,neutral
AMZN,2023-09-01,09:28PM,Apollo Tries to Salvage Amazon Aggregator Investment With Sale,neutral
AMZN,2023-09-01,06:16PM,"Amazon's CAPEX to Exceed $50 Billion in 2023, Partly to Support AI",neutral
AMZN,2023-09-01,05:45PM,Amazon (AMZN) Gains But Lags Market: What You Should Know,neutral
AMZN,2023-09-01,04:13PM,"Walgreens CEO out, Amazon's One Medical CEO to depart",neutral
AMZN,2023-09-01,04:00PM,Amazon stock up $423 billion in market cap amid longest monthly winning streak since 2011,positive
AMZN,2023-09-01,02:48PM,"Amazon Adds Cloud Executives, Zoox Chief to Jassys Senior Team",neutral
AMZN,2023-09-01,12:05PM,"Jeff Bezos Vs. Elon Musk Space Contract Lawsuit, Novo Nordisk's Famed Drug Ozempic Could Be Next Contender For Medicare Negotiations, Tesla Rival XPeng's August Deliveries Zooms 43%: Today's Top Stories",neutral
AMZN,2023-09-01,12:05PM,"Like Amazon And Google, Salesforce Is Optimistic About The Remaining Half Of The Year",positive
AMZN,2023-09-01,11:59AM,"Hollywood strikes: Focus on the consumer, MNTN CEO says",neutral
AMZN,2023-09-01,11:58AM,100 Most Popular Songs of All Time on Spotify,neutral
AMZN,2023-09-01,11:49AM,15 Countries That Produce the Most E-waste in the World,neutral
AMZN,2023-09-01,11:47AM,Amazon (AMZN) Integrates Buy With Prime Into Shopify Stores,neutral
AMZN,2023-09-01,11:33AM,EVGO & Amazon Launch Alexa-Enabled EV Charging Experience,neutral
AMZN,2023-09-01,10:50AM,FAT Brands (FAT) Unveils Its Co-Branded Store in Happy Valley,neutral
AMZN,2023-09-01,10:42AM,Shopify Taps Into Amazon Network; 'Buy With Prime' No Longer A Threat?,neutral
AMZN,2023-09-01,09:40AM,The Zacks Rank Explained: How to Find Strong Buy Retail and Wholesale Stocks,neutral
AMZN,2023-09-01,09:00AM,"Investors Heavily Search Amazon.com, Inc. (AMZN): Here is What You Need to Know",neutral
AMZN,2023-09-01,08:23AM,Why Shopify Stock Jumped This Week,neutral
AMZN,2023-09-01,08:15AM,This Is a Huge Win for Amazon's Healthcare Business,positive
AMZN,2023-09-01,08:00AM,3 Best Cloud Stocks to Buy in September,neutral
AMZN,2023-09-01,07:33AM,Jeff Bezos and Amazon board sued in row over satellites to rival Elon Musks Starlink,negative
AMZN,2023-09-01,07:30AM,Back to School Spending Could Hit a Record High This Year. Here's How to Avoid Credit Card Debt,neutral
AMZN,2023-09-01,06:55AM,Why Amazon Stock Can Beat the Market and Notch Its Best Monthly Streak in 20 Years,positive
AMZN,2023-09-01,01:10AM,10 Best Uninterrupted Power Supplies in 2023,positive
AMZN,2023-09-01,12:37AM,"Amazon shareholder sues board, Bezos over Blue Origin launch contracts",negative
AMZN,2023-09-01,12:29AM,"Amazon shareholder sues board, Bezos over Blue Origin launch contracts",negative
AMZN,2023-08-31,11:31PM,19 Countries Where Drones are Banned,negative
AMZN,2023-08-31,10:23PM,16 Best High Volume Stocks To Buy Today,neutral
AMZN,2023-08-31,07:12PM,"Costco's Competitive Landscape: Target, Amazon, and Walmart Up Their Game",neutral
AMZN,2023-08-31,05:55PM,12 High Growth Value Stocks to Buy According to Seth Klarman,neutral
AMZN,2023-08-31,05:50PM,Amazon-Business Acquirer Benitago Files for Bankruptcy,neutral
AMZN,2023-08-31,05:13PM,"Amazon Rides High Amid Challenges In Cloud Computing, E-Commerce And FTC Probe",negative
AMZN,2023-08-31,04:49PM,This Top Ranked Mega Cap Technology Stock is Breaking Out Now,neutral
AMZN,2023-08-31,04:35PM,Stock Markets August Losses Snap Monthslong Winning Streak,negative
AMZN,2023-08-31,04:34PM,CANADA STOCKS-Financials weigh as TSX posts August decline,negative
AMZN,2023-08-31,03:43PM,Shopify stock soars on new partnership with Amazon,positive
AMZN,2023-08-31,03:15PM,Here's Why Shopify Stock Jumped Today,neutral
AMZN,2023-08-31,12:07PM,Shopify Shares Jump 8% After 'Buy With Prime' Deal With Amazon,positive
AMZN,2023-08-31,11:43AM,"Actor Adam Driver takes on Netflix, Amazon over strike inaction",neutral
AMZN,2023-08-31,11:08AM,Why Chewy Stock Plunged on Thursday,negative
AMZN,2023-08-31,10:39AM,"UBS, Shopify-Amazon, Taylor Swift comes to AMC: Top Stocks",neutral
AMZN,2023-08-31,10:20AM,Shopify Is Offering Amazons Buy With Prime. What Wall Street Thinks of the Deal.,neutral
AMZN,2023-08-31,09:57AM,Amazon is quietly building the most powerful advertising machine in the world,neutral
AMZN,2023-08-31,09:39AM,Here's My Top Growth Stock to Buy in 2023,neutral
AMZN,2023-08-31,09:04AM,"Amazon Music Live Returns for Season Two With Performances from Ed Sheeran, Feid, and Lil Durk and More to Be Announced",neutral
TSLA,2023-09-05,10:32PM,Ford's next generation electric truck may finally have a new name,neutral
TSLA,2023-09-05,09:00PM,Elon Musk Borrowed $1 Billion From SpaceX in Same Month of Twitter Acquisition,neutral
TSLA,2023-09-05,06:04PM,Ford's new trademark suggests its next huge electric vehicle,neutral
TSLA,2023-09-05,05:59PM,Ford's new trademark indicates a Tesla electric truck rival,neutral
TSLA,2023-09-05,05:19PM,Ford's new trademark signals next rival for Tesla's Cybertruck,neutral
TSLA,2023-09-05,05:08PM,Auto & Transport Roundup: Market Talk,neutral
TSLA,2023-09-05,04:32PM,Tesla Shares Surge After China-Made EV Sales Jumped in August,positive
TSLA,2023-09-05,04:12PM,"These Stocks Are Moving the Most Today: Tesla, Nvidia, Airbnb, and Blackstone",neutral
TSLA,2023-09-05,04:09PM,Why Tesla Stock Raced Higher Today,neutral
TSLA,2023-09-05,04:06PM,Stock Market Today: Stocks Close Lower on Downbeat Economic Data,negative
TSLA,2023-09-05,03:42PM,Tesla stock rises on increase in China-made deliveries,positive
TSLA,2023-09-05,02:27PM,Tesla Is the Top Gainer in the S&P 500,neutral
TSLA,2023-09-05,01:44PM,Ford Isnt Going to Be the Next Apple. It Could Be a New Deere.,neutral
TSLA,2023-09-05,01:27PM,Tesla CEO Elon Musk Mocks Lucid CEO Over Pay,negative
TSLA,2023-09-05,01:25PM,Mercedes taking on Tesla with new EV concept,neutral
TSLA,2023-09-05,12:53PM,Lucid CEOs $379 million annual pay draws criticism from billionaire Elon Musk: Beware any company where leadership compensation is not linked to performance,negative
TSLA,2023-09-05,12:44PM,Markets Fall at Midday Amid Oil and Interest Rate Concerns,negative
TSLA,2023-09-05,12:20PM,One prominent Tesla rival is partnering up with Amazon,neutral
TSLA,2023-09-05,12:05PM,Is Rivian Stock A Buy Or A Sell With Tesla Keeping The Pedal Down On The EV Price War?,neutral
TSLA,2023-09-05,11:09AM,"Stocks to Watch Tuesday: Airbnb, Warner Bros., Blackstone, Tesla",neutral
TSLA,2023-09-05,10:54AM,Volkswagen reveals a strong offensive push into electric vehicles amid ongoing price war,positive
TSLA,2023-09-05,09:48AM,"Nvidias Rally Is Going to Show Traders What a  Market Bubble Looks Like, Rob Arnott Says",neutral
TSLA,2023-09-05,09:36AM,Tesla in China: modest August sales gains despite deep price cuts,positive
TSLA,2023-09-05,09:24AM,Tesla Boosted Output at Its Plant in China. It Had To.,positive
TSLA,2023-09-05,08:51AM,This New Mercedes EV Beats Teslas Model 3 in This Key Area,neutral
TSLA,2023-09-05,07:03AM,Do You Think Tesla (TSLA) is Scratching Only the Surface of Its Potential,neutral
TSLA,2023-09-05,07:01AM,"In EV Transition, German Carmakers Lag Behind Tesla and China",negative
TSLA,2023-09-05,06:26AM,Tesla sees modest gains in August China sales despite deep price cuts,positive
TSLA,2023-09-05,05:32AM,Investors Arent Buying Analysts Views on European Carmakers,neutral
TSLA,2023-09-05,05:28AM,Tesla sues Chinese firm over tech secret infringement -Chinese state media,negative
TSLA,2023-09-05,02:49AM,"Nvidia, Tesla, Apple Stocks All Had a Great Week",positive
TSLA,2023-09-04,08:12PM,China's auto workers bear the brunt of price war as fallout widens,negative
TSLA,2023-09-04,08:00PM,INSIGHT-China's auto workers bear the brunt of price war as fallout widens,negative
TSLA,2023-09-04,07:37PM,Musk Blames Anti-Defamation League for Xs US Ad Sales Slump,negative
TSLA,2023-09-04,12:00PM,Biden faces increasing pressure to deliver win-win EV transition amid union talks,negative
TSLA,2023-09-04,11:59AM,Tesla rival Mercedes reveals bold long-range electric vehicle challenge,neutral
TSLA,2023-09-04,11:44AM,"Tesla (TSLA) Cuts Model S/X Prices, Unveils Model 3 Refresh",negative
TSLA,2023-09-04,11:40AM,Unveiling Tesla (TSLA)'s Value: Is It Really Priced Right? A Comprehensive Guide,neutral
TSLA,2023-09-04,11:27AM,Renault to Resume Marketing Drive for EV IPO: Munich Update,neutral
TSLA,2023-09-04,11:18AM,Tesla Vs. BYD 2023: TSLA Stock Tumbles On Big News; BYD Sales Keep Surging,negative
TSLA,2023-09-04,10:50AM,"What Intel, Nvidia, Tesla, and AMD Stock Investors Should Know About Recent Updates",neutral
TSLA,2023-09-04,08:53AM,"Auto Roundup: TSLA Price Cut Updates, F's Contract Offer to UAW & More",negative
TSLA,2023-09-04,08:45AM,"If I Could Buy 1 Auto Stock, This Would Be It",neutral
TSLA,2023-09-04,07:55AM,Teslas China Sales Rise 9.3% in August. The Price Cuts Are Working.,positive
TSLA,2023-09-04,07:38AM,Mercedes Bets on Range Boost in Swipe at Teslas EV Lead,neutral
TSLA,2023-09-04,07:24AM,"BYD, XPeng Stocks Rise. Chinese Brands Face Off With Tesla at Key Auto Show.",neutral
TSLA,2023-09-04,06:48AM,Tesla Beware. New Mercedes Electric Vehicle Beats Market Leader in This Key Area.,positive
TSLA,2023-09-04,05:16AM,UPDATE 1-Tesla's China-made EV deliveries rise 9.3% y/y in August,positive
TSLA,2023-09-04,05:00AM,Tesla's China-made EV deliveries rise 9.3% y/y in August,positive
TSLA,2023-09-04,04:47AM,Tesla's China-made EV deliveries rise 9.3% y/y in August,positive
TSLA,2023-09-04,03:30AM,Tesla China Extends Delivery Time for Model Y Long Range,positive
TSLA,2023-09-03,04:31PM,"Renault cannot afford discount race with Tesla, Chinese peers, executive says",neutral
TSLA,2023-09-03,10:27AM,Teslas Stock Drop Might Have Had Nothing to Do With the New Model 3,neutral
TSLA,2023-09-03,10:00AM,Huge News for Tesla Stock Investors,positive
TSLA,2023-09-03,08:00AM,Prediction: These 3 Stocks Could Be Among Wall Street's Largest by 2030,neutral
TSLA,2023-09-02,11:59PM,Jim Cramer Recommended These 10 Stocks,neutral
TSLA,2023-09-02,11:44PM,Tesla's autopilot troubles: This week in EVs,neutral
TSLA,2023-09-02,05:03PM,Tesla owners are angry about buying their vehicles right before the latest big price cutsand are letting Elon Musk know: I feel completely duped,negative
TSLA,2023-09-02,12:30PM,Author Behnam Tabrizi on Leaders and Innovation,neutral
TSLA,2023-09-02,12:19PM,Four Cathie Wood Stocks Near Buy Points,neutral
TSLA,2023-09-02,09:37AM,VinFast Soared as Much as 830%: This Comparison Should Make Investors Think Twice,positive
TSLA,2023-09-02,08:00AM,Labor Day Sale: Tesla Leads Top 5 Stocks Near Buy Points,positive
TSLA,2023-09-02,07:20AM,Tesla shows off restyled Model 3 sedan at Beijing trade fair,neutral
TSLA,2023-09-02,07:16AM,Tesla shows off restyled Model 3 sedan at Beijing trade fair,neutral
TSLA,2023-09-02,06:45AM,1 Million Robotaxis Are Coming -- and You'll Be Shocked Who Is Building Them,neutral
TSLA,2023-09-02,06:42AM,People Seem to Think AI Is the Best Investing Opportunity of Our Lifetime. How True Is That?,neutral
TSLA,2023-09-02,05:30AM,Tesla Leads Race to Draw Federal Money for Charging Networks,positive
TSLA,2023-09-02,04:33AM,BMW bets on a 'Neue Klasse' revival to catch Tesla,neutral
TSLA,2023-09-02,04:30AM,FOCUS-BMW bets on a 'Neue Klasse' revival to catch Tesla,neutral
TSLA,2023-09-01,06:23PM,EV Journalist Discovers a Deadly Bug in Tesla's Latest FSD,neutral
TSLA,2023-09-01,05:21PM,"Spending in tech, designer brands hasn't slowed: Market technician",neutral
TSLA,2023-09-01,04:26PM,"These Stocks Moved the Most Today: Dell, Elastic, Nutanix, Warner Bros. Discovery, Samsara, Broadcom, and More",neutral
TSLA,2023-09-01,04:04PM,Tesla Unveils Upgraded Model 3: What's Different About The New Vehicle?,neutral
NVDA,2023-09-05,07:42PM,"AI, jobs, & Microsoft: Day one takeaways from Goldman Sachs' tech conference",neutral
NVDA,2023-09-05,04:56PM,"The AI market will be worth $600 billion, Nvidia exec says",neutral
NVDA,2023-09-05,04:12PM,"These Stocks Are Moving the Most Today: Tesla, Nvidia, Airbnb, and Blackstone",neutral
NVDA,2023-09-05,03:55PM,"Arm IPO, valuation won't live up to the hype: Portfolio manager",negative
NVDA,2023-09-05,02:44PM,SoftBanks Arm IPO Highlights the Cost of Not Sitting Still,neutral
NVDA,2023-09-05,12:11PM,Arm Targets More Than $52 Billion Valuation in Largest IPO of the Year,neutral
NVDA,2023-09-05,12:10PM,S&P500 Logs Worst Month Since February: 5 Top Stocks in ETF,negative
NVDA,2023-09-05,11:59AM,Dell Becomes One Of The Early Generative AI Winners,neutral
NVDA,2023-09-05,11:30AM,3 Stocks to Avoid This Week,negative
NVDA,2023-09-05,11:29AM,Arm IPO Valuation Shows It Wont Be Nvidia. Its Still Set to Be the Biggest of the Year.,neutral
NVDA,2023-09-05,10:16AM,Arms Target Valuation Shows It Isnt Nvidia. Its Still Set to Be the Biggest IPO of the Year.,neutral
NVDA,2023-09-05,09:48AM,"Nvidias Rally Is Going to Show Traders What a  Market Bubble Looks Like, Rob Arnott Says",neutral
NVDA,2023-09-05,09:47AM,"Nvidia Just Passed Intel in This Key Metric for the First Time, but Which Is the Better Buy?",neutral
NVDA,2023-09-05,09:40AM,"AI Stocks: Tech Giants, Cloud Titans, Chipmakers Battle For An Edge",neutral
NVDA,2023-09-05,09:22AM,Arms Pricing Shows It Isnt Nvidia. Its Still Set to Be the Biggest IPO of the Year.,neutral
NVDA,2023-09-05,09:16AM,Can Markets Resume Northward Journey in September? 5 Picks,neutral
NVDA,2023-09-05,09:00AM,Forget Nvidia: 1 Artificial Intelligence (AI) Stock to Buy Hand Over Fist in September,neutral
NVDA,2023-09-05,08:25AM,Does NVIDIA Corporation (NVDA) have a Huge Growth Opportunity?,positive
NVDA,2023-09-05,08:07AM,3 Winners as Cooling Jobs Market Lifts Rate Hike Pause Hopes,neutral
NVDA,2023-09-05,08:00AM,"Nvidias Rally Is Going to Show Traders What a  Market Bubble Looks Like, Rob Arnott Says",neutral
NVDA,2023-09-05,08:00AM,Nvidia Leads on the Way Up and It Might on the Way Down,neutral
NVDA,2023-09-05,07:31AM,"Zacks.com featured highlights include Coca Cola Femsa, Toll Brothers and NVIDIA",neutral
NVDA,2023-09-05,07:15AM,Zacks Investment Ideas feature highlights: Nvidia and Alphabet,neutral
NVDA,2023-09-05,07:00AM,Nvidia Stock: Bear vs. Bull,neutral
NVDA,2023-09-05,06:31AM,Arm IPO price suggests deep discount for SoftBank-owned chipmaker,neutral
NVDA,2023-09-05,05:18AM,Nvidia CEO Heads to India. Its a Sign of the Countrys AI Chip-Making Ambitions.,neutral
NVDA,2023-09-05,02:51AM,Arms Pricing Shows It Isnt Nvidia,neutral
NVDA,2023-09-05,02:49AM,"Nvidia, Tesla, Apple Stocks All Had a Great Week",positive
NVDA,2023-09-04,03:23PM,Best Artificial Intelligence (AI) Stock to Buy: Nvidia Stock vs. Snowflake Stock,neutral
NVDA,2023-09-04,01:00PM,Intel wants to beat bias AI training data,neutral
NVDA,2023-09-04,11:39AM,My Top Tech IPO to Buy in September,neutral
NVDA,2023-09-04,11:00AM,1 Small AI Stock Just Landed New Orders Worth Over $100 Million,positive
NVDA,2023-09-04,10:50AM,"What Intel, Nvidia, Tesla, and AMD Stock Investors Should Know About Recent Updates",neutral
NVDA,2023-09-04,09:35AM,"Nvidia, Tesla, Apple Stocks All Had a Great Week. Bring On September.",neutral
NVDA,2023-09-04,07:40AM,Will Tech Rally Continue for the Rest of 2023? 5 Picks,neutral
NVDA,2023-09-04,06:49AM,"US should use Nvidias powerful chips as a chokepoint to force adoption of A.I. rules, DeepMind cofounder Mustafa Suleyman says",neutral
NVDA,2023-09-04,05:21AM,1 Stock-Split Stock to Buy Hand Over Fist in September and 1 to Avoid Like the Plague,neutral
NVDA,2023-09-04,05:01AM,Buy 3 Growth Mutual Funds for Exceptional Returns,neutral
NVDA,2023-09-03,11:45AM,This Chip Stock IPO May Be a Pass -- For Now,neutral
NVDA,2023-09-03,10:00AM,"Labor Day, GameStop and Kroger earnings and Goldmans technology conference top week ahead",neutral
NVDA,2023-09-03,08:00AM,Prediction: These 3 Stocks Could Be Among Wall Street's Largest by 2030,neutral
NVDA,2023-09-03,07:10AM,Cathie Wood's Ark Invest Is Selling Nvidia and Betting Big on These 2 Artificial Intelligence (AI) Growth Stocks,neutral
NVDA,2023-09-02,01:09PM,"SoftBank Lines Up Apple, Nvidia as Strategic Arm IPO Backers",neutral
NVDA,2023-09-02,12:30PM,Author Behnam Tabrizi on Leaders and Innovation,neutral
NVDA,2023-09-02,10:00AM,Here's why stocks may surprise to the upside in September,neutral
NVDA,2023-09-02,05:15AM,Nvidia Stock Analysis: Let the Good Times Roll,neutral
NVDA,2023-09-01,08:32PM,Surging Stocks That Can Keep Taking Market Share,neutral
NVDA,2023-09-01,07:13PM,Exclusive-Arm signs up big tech firms for IPO at $50 billion-$55 billion valuation -sources,neutral
NVDA,2023-09-01,02:04PM,Broadcom and Nvidia Stocks Fall,negative
NVDA,2023-09-01,01:34PM,"Broadcom's Guidance Falls Short on Phone Chip Sales, Less-Than-Expected AI Boost",negative
NVDA,2023-09-01,12:45PM,Buying Opportunities Abound? Here's What to Expect In September,neutral
NVDA,2023-09-01,12:05PM,"Jeff Bezos Vs. Elon Musk Space Contract Lawsuit, Novo Nordisk's Famed Drug Ozempic Could Be Next Contender For Medicare Negotiations, Tesla Rival XPeng's August Deliveries Zooms 43%: Today's Top Stories",neutral
NVDA,2023-09-01,10:55AM,Better Buy: Advanced Micro Devices vs. TSMC Stock,neutral
NVDA,2023-09-01,10:30AM,"XPeng deliveries, Nutanix, Broadcom stock: Trending Tickers",neutral
NVDA,2023-09-01,10:11AM,Broadcom Earnings Show Its Not Nvidia. Why Its Stock Is Worth a Look Anyway.,neutral
NVDA,2023-09-01,09:00AM,2 Cheap AI Stocks That Are Not Microsoft to Buy Hand Over Fist Before They Take Off,neutral
NVDA,2023-09-01,08:20AM,"With Its Nvidia Partnership in Hand, Is ServiceNow Stock a Buy?",neutral
NVDA,2023-09-01,08:11AM,Crypto Space Sees a Plethora of Good News: 5 Stocks in Focus,positive
NVDA,2023-09-01,08:06AM,Broadcom falls as forecast pales before Nvidia's blowout results,negative
NVDA,2023-09-01,08:03AM,Nvidia's market cap climbs amid tech turbulence in August,negative
NVDA,2023-09-01,08:03AM,5 Momentum Stocks for September After a Disappointing August,neutral
NVDA,2023-09-01,08:00AM,3 Best Cloud Stocks to Buy in September,neutral
NVDA,2023-09-01,07:35AM,3 Must-Buy Momentum Stocks Using the Driehaus Strategy,neutral
NVDA,2023-09-01,07:32AM,"Zacks Investment Ideas feature highlights: Nvidia, Meta Platforms and BOTZ",neutral
NVDA,2023-09-01,07:20AM,Intel's Gaudi 2 Beats Nvidia's H100 in Certain AI Tasks,neutral
NVDA,2023-09-01,06:52AM,"Marvell's AI Chips Fail to Provide a Big Boost to Growth, but That Could Change Soon",neutral
NVDA,2023-09-01,05:53AM,Cathie Wood Just Loaded Up on This High-Flying Growth Stock: Is It a Buy After Soaring More Than 270%?,neutral
NVDA,2023-09-01,05:35AM,Does Nvidia's Knockout Quarter Make Taiwan Semiconductor Stock a Buy?,neutral
NVDA,2023-09-01,05:30AM,2 Green Flags for Nvidia Stock Investors in 2023 (and Beyond),neutral
NVDA,2023-09-01,05:05AM,1 AI Stock That's a Screaming Bargain You Should Buy Hand Over Fist Right Now,neutral
NVDA,2023-09-01,04:39AM,Broadcom Isnt Delivering Nvidia-Type Beats. Why You Should Back Its AI Growth Anyway.,neutral
NVDA,2023-09-01,02:43AM,Samsung Gains 6% on Reports Its Joining Nvidia AI Suppliers,positive
GOOGL,2023-09-05,05:45PM,Alphabet (GOOGL) Gains As Market Dips: What You Should Know,neutral
GOOGL,2023-09-05,05:45PM,Alphabet Inc. (GOOG) Stock Moves -0.07%: What You Should Know,neutral
GOOGL,2023-09-05,04:33PM,Big Tech preparing for EU's Digital Markets Act,neutral
GOOGL,2023-09-05,02:01PM,"Nike stock: Jordan brand has 'lots of air left,' analyst says",neutral
GOOGL,2023-09-05,01:45PM,Microsoft (MSFT) Seeks to Dodge EU's Gatekeepers Tag for Bing,neutral
GOOGL,2023-09-05,01:00PM,Google's quarterly Android updates include Zoom and Webex support in cars,neutral
GOOGL,2023-09-05,12:30PM,Is Google Stock A Buy As AI Investments Ramp Up?,neutral
GOOGL,2023-09-05,12:11PM,Alphabet (GOOGL) Adds Latest Feature to Google Keep App,neutral
GOOGL,2023-09-05,09:00AM,Investors Heavily Search Alphabet Inc. (GOOG): Here is What You Need to Know,neutral
GOOGL,2023-09-05,07:15AM,Zacks Investment Ideas feature highlights: Nvidia and Alphabet,neutral
GOOGL,2023-09-05,04:00AM,Great News for Alphabet Stock Investors,positive
GOOGL,2023-09-05,01:01AM,"Malaysia mulls rules for Google, Meta to pay news outlets for content",neutral
GOOGL,2023-09-05,12:58AM,"Malaysia mulls rules for Google, Meta to pay news outlets for content",neutral
GOOGL,2023-09-04,04:00PM,Apple and Microsoft say flagship services not popular enough to be gatekeepers,neutral
GOOGL,2023-09-04,04:00PM,Apple and Microsoft fight Brussels over gatekeeper label for iMessage and Bing,negative
GOOGL,2023-09-04,04:00PM,Apple and Microsoft clash with EU over gatekeeper label for iMessage and Bing,negative
GOOGL,2023-09-04,11:47AM,The Greatest Business Model in the World?,neutral
GOOGL,2023-09-04,09:21AM,Reasons to Initiate a Position in Alphabet (GOOG),neutral
GOOGL,2023-09-04,09:00AM,Alphabet Inc. (GOOGL) is Attracting Investor Attention: Here is What You Should Know,neutral
GOOGL,2023-09-04,06:49AM,"US should use Nvidias powerful chips as a chokepoint to force adoption of A.I. rules, DeepMind cofounder Mustafa Suleyman says",neutral
GOOGL,2023-09-04,05:21AM,1 Stock-Split Stock to Buy Hand Over Fist in September and 1 to Avoid Like the Plague,neutral
GOOGL,2023-09-04,04:19AM,Continental integrates Google Cloud into vehicle cockpit,neutral
GOOGL,2023-09-04,04:15AM,Continental integrates Google Cloud into vehicle cockpit,neutral
GOOGL,2023-09-03,10:04AM,18 Biggest Generative AI Companies In The World,neutral
GOOGL,2023-09-03,08:22AM,30 Countries with Highest Rates of Violent Crime,neutral
GOOGL,2023-09-03,08:00AM,Prediction: These 3 Stocks Could Be Among Wall Street's Largest by 2030,neutral
GOOGL,2023-09-03,07:13AM,Alphabet Is Unleashing Artificial Intelligence (AI) to Make Things Easier for Advertisers,neutral
GOOGL,2023-09-02,01:09PM,"SoftBank Lines Up Apple, Nvidia as Strategic Arm IPO Backers",neutral
GOOGL,2023-09-02,12:30PM,Author Behnam Tabrizi on Leaders and Innovation,neutral
GOOGL,2023-09-01,05:37PM,YouTube Promotes NFL Sunday Ticket in Las Vegas Spheres First Paid Ad,neutral
GOOGL,2023-09-01,04:37PM,These 3 Companies Generate Serious Cash,neutral
GOOGL,2023-09-01,02:17PM,This Brand-New Google Flights Feature Could Save You Money on Airfare,neutral
GOOGL,2023-09-01,02:00PM,Google's patent may save some power on AI development,neutral
GOOGL,2023-09-01,12:05PM,"Jeff Bezos Vs. Elon Musk Space Contract Lawsuit, Novo Nordisk's Famed Drug Ozempic Could Be Next Contender For Medicare Negotiations, Tesla Rival XPeng's August Deliveries Zooms 43%: Today's Top Stories",neutral
GOOGL,2023-09-01,12:05PM,"Like Amazon And Google, Salesforce Is Optimistic About The Remaining Half Of The Year",positive
GOOGL,2023-09-01,11:44AM,Alphabet (GOOGL) Boosts Google Cloud With H100-Powered A3 VMs,neutral
GOOGL,2023-09-01,11:31AM,"Why Is DoorDash, Inc. (DASH) Down 1.6% Since Last Earnings Report?",negative
GOOGL,2023-09-01,11:31AM,Shopify (SHOP) Up 12.6% Since Last Earnings Report: Can It Continue?,positive
GOOGL,2023-09-01,11:14AM,"UPDATE 2-Canada tries to address news law concerns, Facebook not convinced",neutral
GOOGL,2023-09-01,10:36AM,"Canada tries to address news law concerns, Facebook not convinced",neutral
GOOGL,2023-09-01,10:30AM,"Canada says addressing Google, Facebook concerns over online news law",neutral
GOOGL,2023-09-01,09:00AM,Paging Dr. GPT? Tech Investors Bet AI Finally Poised to Transform Health Care,positive
GOOGL,2023-09-01,09:00AM,2 Cheap AI Stocks That Are Not Microsoft to Buy Hand Over Fist Before They Take Off,neutral
GOOGL,2023-09-01,07:02AM,2 Leading Tech Stocks to Buy in 2023 and Beyond,neutral
GOOGL,2023-09-01,06:30AM,Will Alphabet Be a $2 Trillion Stock by 2024?,neutral
GOOGL,2023-09-01,06:05AM,Why the Hollywood Writers Strike May Give Alphabet's Business a Boost,positive
GOOGL,2023-09-01,05:07AM,Just Started Investing? Here's 1 Solid Company to Buy With $200,neutral
GOOGL,2023-08-31,10:58PM,List of 55 Artificial Intelligence Companies in USA,neutral
GOOGL,2023-08-31,10:23PM,16 Best High Volume Stocks To Buy Today,neutral
GOOGL,2023-08-31,08:39PM,Goldman Sachs AI Stocks: Top 10 Stock Picks,neutral
GOOGL,2023-08-31,06:42PM,NVIDIA & Alphabet: A Perfect Match?,neutral
GOOGL,2023-08-31,06:14PM,"Meta & Google benefiting for turmoil at X, formerly Twitter: Analyst",neutral
GOOGL,2023-08-31,02:56PM,What Alphabet Stock Investors Need to Know About Its AI,neutral
GOOGL,2023-08-31,02:31PM,Google hit with copyright lawsuit by Danish online job-search rival,negative
GOOGL,2023-08-31,02:22PM,Google hit with copyright lawsuit by Danish online job-search rival,negative
GOOGL,2023-08-31,01:15PM,Google commits at least $600 million to build out new Dallas-Fort Worth data center,neutral
GOOGL,2023-08-31,12:22PM,Alphabet (GOOGL) Boosts Kubernetes Offerings With New GKE,neutral
GOOGL,2023-08-31,11:21AM,"If I Were Starting My Stock Portfolio From Scratch, This Amazing AI Stock Would Be My First Buy",neutral
GOOGL,2023-08-31,09:55AM,"1 Super Stock Set to Join Apple, Microsoft, Amazon, Alphabet, and Nvidia in the $1 Trillion Club",neutral
GOOGL,2023-08-31,09:03AM,Cherish your Uber drivers. Soon they will be robots,neutral
GOOGL,2023-08-31,08:05AM,"2 Stock-Split AI Growth Stocks to Buy Before They Soar 53% and 135%, According to Wall Street",neutral
GOOGL,2023-08-31,07:30AM,Companies Will Use Generative AI. But Will They Tell You About It?,neutral
GOOGL,2023-08-31,05:40AM,2 Artificial Intelligence (AI) Stocks Down 13% and 58% You'll Regret Not Buying on the Dip,negative
GOOGL,2023-08-31,01:03AM,Privacy activist Schrems files complaints against Google's Fitbit,negative
GOOGL,2023-08-30,08:31PM,"Google introduces generative AI to Search in India, Japan",neutral
GOOGL,2023-08-30,08:30PM,Google's AI-powered search expands outside U.S. to India and Japan,positive
GOOGL,2023-08-30,08:30PM,"Google is bringing its generative AI search engine to India, Japan",neutral
GOOGL,2023-08-30,06:03PM,Factbox-Big names in Big Tech to attend AI forum of US Senate's Schumer,neutral
GOOGL,2023-08-30,06:00PM,Nvidia Partner Expects AI Server Sales to Double in 2024,positive
GOOGL,2023-08-30,05:53PM,Dont want to go to a work meeting? Google is testing an A.I. tool that can go for you,neutral
GOOGL,2023-08-30,05:45PM,Alphabet (GOOGL) Outpaces Stock Market Gains: What You Should Know,neutral
GOOGL,2023-08-30,05:45PM,Alphabet Inc. (GOOG) Outpaces Stock Market Gains: What You Should Know,negative
GOOGL,2023-08-30,04:30PM,"Economy: We have a goldilocks scenario, strategist says",neutral
GOOGL,2023-08-30,03:52PM,"See the leaked Google data that reveals salaries, bonuses and more",neutral
GOOGL,2023-08-30,03:48PM,Searching For Top AI Stocks? Look Beyond Nvidia And Google,neutral
GOOGL,2023-08-30,03:41PM,Google Expected to Unveil New Phones at October 4 Event,neutral
META,2023-09-05,09:50PM,Meta starts its return-to-office policy mandating three in-person days for some workers,neutral
META,2023-09-05,04:33PM,Big Tech preparing for EU's Digital Markets Act,neutral
META,2023-09-05,02:00PM,Facebook scraps $1.6bn funding scheme as Sir Nick Clegg project fails,negative
META,2023-09-05,01:35PM,"Meta's Global Challenges: India Compliance, EU Subscription Plans, and News Tab Termination",neutral
META,2023-09-05,12:19PM,"Facebook News To Shut Down In Europe, Warner Bros. Discovery Revises Outlook As Strike Bites, Manchester United No Longer Up For Sale: Today's Top Stories",negative
META,2023-09-05,12:09PM,Meta axes support for news in Europe,positive
META,2023-09-05,09:41AM,UPDATE 2-Meta to drop 'Facebook News' tab in some European countries,neutral
META,2023-09-05,09:28AM,Meta to drop 'Facebook News' tab in some European countries,neutral
META,2023-09-05,09:24AM,Meta to drop 'Facebook News' tab in some European countries,neutral
META,2023-09-05,05:10AM,Meta Platforms' Growth Is Being Driven by Chinese E-Commerce Companies. Here's Why It's a Red Flag for Amazon's Future.,neutral
META,2023-09-05,01:01AM,"Malaysia mulls rules for Google, Meta to pay news outlets for content",neutral
META,2023-09-05,12:58AM,"Malaysia mulls rules for Google, Meta to pay news outlets for content",neutral
META,2023-09-04,09:00AM,"Meta Platforms, Inc. (META) is Attracting Investor Attention: Here is What You Should Know",neutral
META,2023-09-03,10:04AM,18 Biggest Generative AI Companies In The World,neutral
META,2023-09-03,07:20AM,Snap Stock Jumps on a New Generative AI Feature: Here's Why It's a Buy Now,neutral
META,2023-09-03,07:00AM,Can Audio and Video Calls Help X Take On Meta?,neutral
META,2023-09-02,12:30PM,Author Behnam Tabrizi on Leaders and Innovation,neutral
META,2023-09-02,10:00AM,Here's why stocks may surprise to the upside in September,neutral
META,2023-09-01,01:59PM,Mark Zuckerberg is considering a big change to the way Instagram and Facebook work,neutral
META,2023-09-01,01:40PM,"UPDATE 1-Meta may allow Facebook, Instagram users in EU to pay to avoid ads - NYT",neutral
META,2023-09-01,12:48PM,"Meta may allow Facebook, Instagram users in EU to pay to avoid ads - NYT",neutral
META,2023-09-01,12:46PM,CORRECTED-Meta may allow Facebook and Instagram users in EU to pay to avoid ads - NYT,neutral
META,2023-09-01,11:14AM,"UPDATE 2-Canada tries to address news law concerns, Facebook not convinced",neutral
META,2023-09-01,10:36AM,"Canada tries to address news law concerns, Facebook not convinced",neutral
META,2023-09-01,10:30AM,"Canada says addressing Google, Facebook concerns over online news law",neutral
META,2023-09-01,07:32AM,"Zacks Investment Ideas feature highlights: Nvidia, Meta Platforms and BOTZ",neutral
META,2023-09-01,05:58AM,Is the Worst Over for Meta Platforms' Stock?,neutral
META,2023-08-31,06:14PM,"Meta & Google benefiting for turmoil at X, formerly Twitter: Analyst",neutral
META,2023-08-31,05:45PM,Meta Platforms (META) Gains As Market Dips: What You Should Know,neutral
META,2023-08-31,04:56PM,'Magnificent Seven' investing playbook: Meta stock's path to $350 probably runs through AI,neutral
META,2023-08-31,04:46PM,'Magnificent Seven' stocks: Meta in focus,neutral
META,2023-08-30,04:30PM,"Economy: We have a goldilocks scenario, strategist says",neutral
META,2023-08-30,03:48PM,Searching For Top AI Stocks? Look Beyond Nvidia And Google,neutral
META,2023-08-30,10:46AM,"Nvidia is the AI king, but threats to its reign abound",negative
META,2023-08-30,08:30AM,Do Options Traders Know Something About Meta (META) Stock We Don't?,neutral
META,2023-08-30,04:59AM,UPDATE 1-Meta pins pro-China influence campaign on Chinese law enforcement,neutral
META,2023-08-30,04:30AM,"Meta, Microsoft, and Tesla Are Driving Demand for Nvidia's Products",positive
META,2023-08-30,01:35AM,Meta rejects recommendation to suspend former Cambodia PM from Facebook,negative
META,2023-08-29,09:26PM,Meta Uncovers Largest-Ever Chinese Influence Network,neutral
META,2023-08-29,07:04PM,"Meta deletes 8,000 Facebook accounts linked to Chinese disinformation campaign",neutral
META,2023-08-29,02:18PM,Meta Says It Removed Chinese Influence Campaign on Social Media,neutral
META,2023-08-29,01:04PM,Google stock rises as it says it will charge $30 for enterprise AI service,positive
META,2023-08-29,01:04PM,Google shares rise as it says it will charge $30 for enterprise AI service,positive
META,2023-08-29,12:06PM,"China's Response To Shield Economy From Real Estate Storm, Biden Targets Cancer, Diabetes Drugs In Controversial Medicare Price Battle, Google Collaborates With Nvidia In AI Expansion: Today's Top Stories",neutral
META,2023-08-29,09:48AM,Metas Spending Is Now Focused Where Investors Want,neutral
META,2023-08-29,08:06AM,Meta pins 'Spamouflage' influence campaign on Chinese law enforcement,neutral
META,2023-08-29,06:11AM,Exclusive-Meta's Canada news ban fails to dent Facebook usage,negative
META,2023-08-29,05:21AM,3 Artificial Intelligence (AI) Stocks Not Named Nvidia That Billionaires Can't Stop Buying,neutral
META,2023-08-28,03:44PM,52% of Americans say theyre concerned about growing use of AI: Pew,neutral
META,2023-08-28,12:01PM,AI data centers use a lot of electricity & water: Can supply keep up?,neutral
META,2023-08-28,09:14AM,15 Most Profitable Cutting Edge Technologies That Will Make You Rich,neutral
META,2023-08-27,09:21AM,AI in Gaming Doesn't Mean What You Think It Does... Yet,neutral
META,2023-08-27,09:00AM,Why the US war with Big Tech could have unintended consequences,neutral
META,2023-08-27,06:12AM,1 Hot E-Commerce Stock a Better Buy Than Shopify?,neutral
META,2023-08-27,03:56AM,Meta Platforms: One Chart Explains the Mega-Rally,neutral
META,2023-08-26,10:35AM,10 Best Performing Technology ETFs in 2023,positive
META,2023-08-25,05:11PM,Big Tech companies brace for impact of EU regulations,neutral
META,2023-08-25,02:36PM,The One Generative AI Risk That No One Is Talking About,neutral
META,2023-08-25,01:41PM,"Amazon, Google, Meta Prep Artificial Intelligence Announcements",neutral
META,2023-08-25,12:33PM,Is Meta Platforms (META) Stock Modestly Undervalued?,negative
META,2023-08-25,11:31AM,Meta Platforms (META) Down 8% Since Last Earnings Report: Can It Rebound?,negative
META,2023-08-25,09:28AM,Its Not Too Late: Heres How to Get In on the $725 Million Facebook Settlement.,neutral
META,2023-08-25,07:40AM,All hail the new EU law that lets social media users quiet quit the algorithm,neutral
META,2023-08-25,07:39AM,Meta Releases AI Tool Fine-Tuned for Writing Computer Code,neutral
META,2023-08-25,06:00AM,Nvidia hype is fueling fresh FOMO: Morning Brief,neutral
META,2023-08-25,05:50AM,3 Stocks to Add to Your Portfolio in the Event of a Market Downturn,neutral
META,2023-08-25,12:57AM,Europe is cracking down on Big Tech. This is what will change when you sign on,neutral
META,2023-08-24,08:50PM,Meta Platforms (META) Rose 138% in the First Half of 2023,positive
META,2023-08-24,05:39PM,21 Most Innovative Countries in the World,neutral
META,2023-08-24,05:18PM,"Jackson Hole, consumer sentiment, AMC, Facebook: What to watch",neutral
META,2023-08-24,03:40PM,15 Most Profitable Tech Stocks in 2023,neutral
META,2023-08-24,03:01PM,Nvidia to Wall Street: What supply problems?,negative
META,2023-08-24,12:40PM,Why the AI spending boom won't end up like the 1990s tech bubble,neutral
META,2023-08-24,12:39PM,"Nvidia's blowout earnings ripples across tech, highlighting winners and questions",neutral
META,2023-08-24,12:39PM,"Nvidia's blowout earnings ripple across tech, highlighting winners and questions",neutral
META,2023-08-24,12:27PM,Canada to start planning how it will make internet giants pay for news,neutral
META,2023-08-24,11:30AM,"Nvidia earnings: Amazon, Meta, Intel, AMD among winners, losers",neutral
META,2023-08-24,11:26AM,Generative AI Battle Forms. Should Big Tech Control Its Path?,neutral
META,2023-08-24,09:36AM,Meta to launch AI model for writing computer codes,neutral
META,2023-08-24,07:45AM,"3 Stocks That Can Turn $10,000 Into $50,000 by 2025",neutral
META,2023-08-24,05:21AM,1 Pricey FAANG Stock Billionaires Are Buying Hand Over Fist and 2 They're Surprisingly Selling,neutral
META,2023-08-24,04:07AM,UPDATE 1-Big Tech braces for roll-out of EU's Digital Services Act,neutral
META,2023-08-23,11:02PM,Big Tech braces for roll-out of EU's Digital Services Act,neutral
META,2023-08-23,06:16PM,How Meta plans to keep its Oregon data centers green,neutral
ADBE,2023-09-05,05:45PM,Adobe Systems (ADBE) Gains As Market Dips: What You Should Know,neutral
ADBE,2023-09-05,02:58PM,"Top Research Reports for Berkshire Hathaway, Adobe & Alibaba",neutral
ADBE,2023-09-05,12:00PM,Garmin (GRMN) Expands Smartwatch Offerings With Venu 3 Series,positive
ADBE,2023-09-05,10:15AM,Software Stocks To Watch Amid Artificial Intelligence-Generated Rally,neutral
ADBE,2023-09-05,09:40AM,"AI Stocks: Tech Giants, Cloud Titans, Chipmakers Battle For An Edge",neutral
ADBE,2023-09-04,12:15PM,Vishay (VSH) Enhances its Opto Capabilities With New Devices,positive
ADBE,2023-09-04,10:47AM,"Nutanix (NTNX) Rises 12% on Q4 Earnings Beat, Strong Guidance",positive
ADBE,2023-09-03,10:04AM,18 Biggest Generative AI Companies In The World,neutral
ADBE,2023-09-03,08:00AM,3 No-Brainer Stocks I'd Buy Right Now Without Hesitation,neutral
ADBE,2023-09-02,06:38AM,20 Best Companies to Work For in 2023,neutral
ADBE,2023-09-01,04:17PM,"Adobe And Lululemon Stocks Hit New Highs, Clear Buy Points",positive
ADBE,2023-09-01,11:34AM,Carrier (CARR) Boosts Fire & Security Offering With Latest Deal,neutral
ADBE,2023-09-01,05:44AM,1 Unstoppable Artificial Intelligence (AI) Stock That Could Join the Trillion-Dollar Club,neutral
ADBE,2023-08-31,01:00PM,Adobe to Announce Q3 FY2023 Earnings Results on September 14,neutral
ADBE,2023-08-31,12:25PM,Goldman Sachs tech conference: Analyst's 3 things to watch,neutral
ADBE,2023-08-31,12:03PM,Unpacking Adobe Inc (ADBE)'s Market Leadership: A Deep Dive into Financial Metrics and ...,neutral
ADBE,2023-08-31,11:32AM,Adobe (ADBE): A Closer Look at Its Modest Undervaluation,neutral
ADBE,2023-08-31,08:06AM,Caterpillar and Foot Locker have been highlighted as Zacks Bull and Bear of the Day,positive
ADBE,2023-08-30,03:06PM,"Nvidia just hit record highs, but stock may still be 'cheap,' says analyst",neutral
ADBE,2023-08-30,10:28AM,Is This a New Bull Market? 3 Stocks the Smartest Investors Are Watching.,neutral
ADBE,2023-08-30,10:22AM,Want to Capitalize on the AI Boom? Bet on These 3 Stocks Right Away,positive
ADBE,2023-08-30,09:00AM,Investors Heavily Search Adobe Inc. (ADBE): Here is What You Need to Know,neutral
ADBE,2023-08-30,06:00AM,3 Stocks I'm Never Selling,neutral
ADBE,2023-08-28,05:45PM,Adobe Systems (ADBE) Outpaces Stock Market Gains: What You Should Know,negative
ADBE,2023-08-28,12:00PM,Adobe brings AI to DEI with latest patent,neutral
ADBE,2023-08-28,09:54AM,Best Growth Stocks to Buy: Alphabet Stock vs. Adobe Stock,neutral
ADBE,2023-08-28,08:15AM,Forget Nvidia? 2 Top AI Stocks to Buy in 2023,neutral
ADBE,2023-08-28,08:02AM,"Beat the Market Like Zacks: Hubbell, Adobe, Nikola in Focus",neutral
ADBE,2023-08-28,07:39AM,Palo Alto Networks and Ciena have been highlighted as Zacks Bull and Bear of the Day,positive
ADBE,2023-08-27,10:47AM,Ken Fishers Top 15 Growth Stock Picks,neutral
ADBE,2023-08-27,09:09AM,Ken Fishers Top 15 Stock Picks,neutral
ADBE,2023-08-25,12:03PM,Adobe Inc's Winning Formula: A Deep Dive into Financial Metrics and Competitive Strengths,neutral
ADBE,2023-08-25,11:33AM,Is Adobe Inc (ADBE) Modestly Undervalued? A Comprehensive Valuation Analysis,neutral
ADBE,2023-08-25,10:00AM,"John Warnock, Who Helped Invent the PDF, Is One Reason Were All Publishers",neutral
ADBE,2023-08-25,08:22AM,"Zacks Industry Outlook Highlights Adobe, Salesforce and Synopsys",neutral
ADBE,2023-08-25,08:00AM,NVIDIA (NVDA) Q2 Datacenter Sales Surge on Generative AI Boom,positive
ADBE,2023-08-24,01:00PM,Investor Advisory: Adobe to Present at Upcoming Investor Conference,neutral
ADBE,2023-08-24,10:00AM,4 Surefire Stocks to Buy in the Next Bear Market,neutral
ADBE,2023-08-24,09:51AM,15 Highest Paying Countries for Graphic Designers,neutral
ADBE,2023-08-24,09:49AM,3 Software Stocks to Watch for in a Flourishing Industry,neutral
ADBE,2023-08-24,09:35AM,3 Things Smart Investors Know About Adobe,neutral
ADBE,2023-08-23,09:58AM,Billionaire Ken Fisher and Corporate Insiders Are Betting On These Stocks,neutral
ADBE,2023-08-23,08:00AM,"Column: Farewell to John Warnock, an internet pioneer whose invention actually made the world better",neutral
ADBE,2023-08-22,05:45PM,Adobe Systems (ADBE) Stock Moves -0.19%: What You Should Know,neutral
ADBE,2023-08-22,05:20PM,Is Badger Meter (BMI) Outperforming Other Computer and Technology Stocks This Year?,negative
ADBE,2023-08-22,02:17PM,Breakout Stocks To Watch: AI Stock Leader Adobe Tests Key Level,neutral
ADBE,2023-08-22,08:15AM,"Move Over FAANG: These Brilliant Artificial Intelligence (AI) Stocks Are Laying the Groundwork of the Future, And Could Soon Skyrocket as a Result",negative
ADBE,2023-08-21,03:51PM,20 Biggest Augmented Reality And VR Companies In The World,neutral
ADBE,2023-08-21,01:04PM,"John Warnock, who helped invent the PDF and co-founded Adobe Systems, dies at age 82",neutral
ADBE,2023-08-21,09:49AM,Adobe Inc. co-founder John Warnock has died,neutral
ADBE,2023-08-20,06:07AM,Adobe: One Chart Explains the Mega-Rally,neutral
ADBE,2023-08-20,04:57AM,UPDATE 1-Adobe co-founder John Warnock dies at 82,neutral
ADBE,2023-08-20,04:24AM,Adobe co-founder John Warnock dies at 82,neutral
ADBE,2023-08-20,04:16AM,Adobe's co-founder John Warnock dies at 82,neutral
ADBE,2023-08-20,04:02AM,Adobe Co-Founder Dr. John Warnock Passes at 82,neutral
ADBE,2023-08-19,06:23AM,5 Artificial Intelligence Stocks You Can Buy and Hold for the Next Decade,neutral
ADBE,2023-08-18,02:04PM,Nothing Artificial About The AI Wave  Or Demand For This Stock,neutral
ADBE,2023-08-18,09:24AM,AI Is the Real Dealif You Understand It. Our 5 Roundtable Pros Are Here to Help.,neutral
ADBE,2023-08-18,01:30AM,AI Is the Real Deal for Investorsif You Understand It. Our Roundtable Is Here to Help.,neutral
ADBE,2023-08-18,01:00AM,"4 big analyst picks: Adobe upgraded at BofA, 'Ahead of the curve with AI",positive
ADBE,2023-08-17,02:46PM,Analysts Have Big Expectations for These 3 Stocks,positive
ADBE,2023-08-17,12:39PM,20 Best Web Designing Tools for Developers,neutral
ADBE,2023-08-17,11:55AM,"Adobe Is Emerging as an AI Leader, Analyst Says",positive
ADBE,2023-08-17,10:30AM,"Wolfspeed losses, Adobe upgrade, Ball Corp.: Top Stocks",neutral
ADBE,2023-08-17,09:43AM,Adobe Stock Offers Potential 16% Return For Bullish Option Traders,positive
ADBE,2023-08-17,09:39AM,"Adobe upgraded, BorgWarner downgraded: Wall Street's top analyst calls",negative
ADBE,2023-08-17,09:00AM,Here is What to Know Beyond Why Adobe Inc. (ADBE) is a Trending Stock,neutral
ADBE,2023-08-17,07:47AM,Do You Think Figma Acquisition Would Be Positive for Adobe (ADBE)?,positive
ADBE,2023-08-16,09:43AM,Adobe Updates Express Suite to Include AI Tools,neutral
ADBE,2023-08-16,09:00AM,All-New Adobe Express With Firefly Brings Generative AI to Creators Worldwide,neutral
ADBE,2023-08-16,06:05AM,3 Best Stocks to Set You Up for Early Retirement,neutral
ADBE,2023-08-15,05:45PM,Adobe Systems (ADBE) Stock Moves -0.68%: What You Should Know,neutral
ADBE,2023-08-14,11:45AM,Why cooling inflation is good news for tech stocks,positive
ADBE,2023-08-14,07:57AM,"Take the Zacks Approach to Beat the Markets: Celsius, Adobe, Curtiss-Wright in Focus",neutral
ADBE,2023-08-13,08:03AM,Why cooling inflation may be good news for tech stocks,positive
ADBE,2023-08-13,08:00AM,Adobe Stock: Bear vs. Bull,neutral
ADBE,2023-08-11,10:00AM,Adobe Inc. (NASDAQ:ADBE) is a favorite amongst institutional investors who own 85%,neutral
ADBE,2023-08-09,07:10PM,Adobe Inc. (ADBE) Stock Price Soars by Nearly 50% in the Past Three Months,positive
ADBE,2023-08-09,05:45PM,Adobe Systems (ADBE) Dips More Than Broader Markets: What You Should Know,neutral
ADBE,2023-08-09,10:15AM,Is Adobe Stock a Buy Now?,neutral
ADBE,2023-08-09,09:54AM,"EU antitrust regulators extend Adobe, Figma deadline to Jan. 8",neutral
ADBE,2023-08-09,08:22AM,18 Best Scholarships in the World for International Female Students,positive
ADBE,2023-08-09,06:55AM,Arbe Announces Q2 2023 Financial Results,neutral
ADBE,2023-08-09,06:31AM,12 Stocks That Will Benefit From AI,positive
ADBE,2023-08-08,08:20AM,"Up 57% to 205%, Are These 3 Breakout Growth Stocks Too Hot to Buy Now?",positive
ADBE,2023-08-07,04:09PM,European Commission Opens Investigation into Adobe's Figma Acquisition,negative
ADBE,2023-08-07,12:06PM,Adobes $20 Billion Figma Takeover Hit by In-Depth EU Probe,negative
ADBE,2023-08-07,10:53AM,UPDATE 2-Adobe's Figma deal faces EU competition investigation,neutral
ADBE,2023-08-07,10:30AM,"Adobe's Figma deal may restrict competition, EU antitrust regulators say",negative
ADBE,2023-08-07,09:25AM,Heres How Generative AI Aided Adobe (ADBE)s Performance,neutral
ADBE,2023-08-07,07:35AM,Daily Spotlight: Stock Valuations Push Higher,positive
ADBE,2023-08-05,07:01AM,Calculating The Fair Value Of Adobe Inc. (NASDAQ:ADBE),neutral
ADBE,2023-08-04,09:45AM,"AI Lovefest Fuels Massive Bets On Meta, Tesla, Google And Beyond",neutral
ADBE,2023-08-04,05:41AM,3 AI Stocks That Are Screaming Buys in August,neutral
ADBE,2023-08-03,09:34AM,"The Zacks Analyst Blog Highlights Exxon Mobil, Adobe, T-Mobile US, Marsh & McLennan and Schlumberger",neutral
ADBE,2023-08-02,04:16PM,"Top Stock Reports for Exxon Mobil, Adobe & T-Mobile US",neutral
ADBE,2023-08-01,08:16AM,"Woodward (WWD) Q3 Earnings & Revenues Beat, Increase Y/Y",positive
ADBE,2023-08-01,06:00AM,7 Growth Stocks That Are Still Great Buys Even as Interest Rates Peak,neutral
ADBE,2023-07-31,06:04PM,S&P 500 Gains and Losses Today: Oil Industry Stocks Advance as Oil Prices Climb,negative
HON,2023-09-02,11:59PM,Jim Cramer Recommended These 10 Stocks,neutral
HON,2023-09-01,05:50PM,Honeywell International Inc. (HON) Outpaces Stock Market Gains: What You Should Know,negative
HON,2023-09-01,11:26AM,Key Reasons to Hold on to Honeywell (HON) Stock for Now,neutral
HON,2023-08-31,09:46AM,3 Magnificent Stocks to Buy on Market Weakness,neutral
HON,2023-08-31,08:00AM,15 Stocks with Lowest Short Interest,neutral
HON,2023-08-30,07:00PM,"Canadian Engineers Make ""Revolutionary"" Hydrogen Breakthrough",neutral
HON,2023-08-29,09:20AM,"The Zacks Analyst Blog Highlights Alphabet, Roche Holding, Honeywell International, IBM and The Goldman Sachs",neutral
HON,2023-08-28,02:42PM,3 Quantum Computing Stocks to Buy on Robinhood,neutral
HON,2023-08-28,12:16PM,"Top Stock Reports for Alphabet, Roche & Honeywell International",neutral
HON,2023-08-28,09:00AM,HONEYWELL ANNOUNCES PARTICIPATION AT UPCOMING INVESTOR CONFERENCES,neutral
HON,2023-08-28,08:59AM,Dow 30 Stocks List: Ranked By Hedge Fund Bullishness Index,neutral
HON,2023-08-26,10:58AM,16 Highest Paying Countries for Project Managers,neutral
HON,2023-08-25,07:23AM,11 Most Undervalued Dow Stocks To Buy According To Hedge Funds,neutral
HON,2023-08-23,09:00AM,Honeywell International Inc. (HON) Is a Trending Stock: Facts to Know Before Betting on It,neutral
HON,2023-08-22,09:00AM,Follow the Money: 3 Stocks to Buy to Ride the Automation Wave,neutral
HON,2023-08-21,03:44PM,5 Strong Buy Quantum Computing Stocks You Should Be Loading Up On Now,neutral
HON,2023-08-18,05:27PM,1 Spectacular Thing Honeywell and nVent Have in Common,neutral
HON,2023-08-18,12:36PM,"Honeywell (HON), Recipharm Unite to Develop Near-Zero GWP pMDIs",positive
HON,2023-08-17,06:00AM,HONEYWELL AND RECIPHARM TO SPEED DEVELOPMENT OF INHALERS WITH A NEAR-ZERO GLOBAL WARMING POTENTIAL PROPELLANT,positive
HON,2023-08-15,08:02AM,HONEYWELL RESEARCH INDICATES ARTIFICIAL INTELLIGENCE WILL SHAPE GLOBAL RETAIL OVER THE NEXT 12 MONTHS,neutral
HON,2023-08-10,09:09AM,The 3 Best Quantum Computing Stocks to Buy in August,neutral
HON,2023-08-10,09:07AM,Honeywell Automation India's profit growth slows as expenses climb,negative
HON,2023-08-09,08:52AM,20 Biggest Internet of Things Companies in the World,neutral
HON,2023-08-07,08:17AM,Weekly Stock List,neutral
HON,2023-08-04,05:04AM,"This Dow Stock Is Prioritizing Profits Instead of Growth, but Is That a Good Thing?",neutral
HON,2023-08-03,08:30AM,HONEYWELL EXPANDS CAPABILITY TO ENABLE INDUSTRIAL CUSTOMERS TO MEASURE AND MANAGE INDIRECT GREENHOUSE GAS EMISSIONS,positive
HON,2023-08-03,06:34AM,Is This Dow Dividend Stock a Sleeping Giant?,neutral
HON,2023-08-02,01:26PM,"Bank of America, Lowe's, Nucor and Honeywell are only North Carolina companies on Fortune Global 500 list",neutral
HON,2023-08-01,10:18AM,2 Green Flags and 1 Red Flag for Honeywell After Its Post-Earnings Sell-Off,neutral
HON,2023-07-31,01:33PM,The Argus Min Vol Model Portfolio,neutral
HON,2023-07-30,08:00PM,How Smart Money Is Playing The $700 Billion EV Boom,neutral
HON,2023-07-28,09:19AM,HONEYWELL ANNOUNCES QUARTERLY DIVIDEND,neutral
HON,2023-07-28,07:35AM,"Market Digest: ABT, ADP, CNP, HOG, HON, LAZ, LRCX, MCD, SPGI",neutral
HON,2023-07-28,07:35AM,Analyst Report: Honeywell International Inc,neutral
HON,2023-07-27,06:24PM,Analyst Report: Honeywell International Inc.,neutral
HON,2023-07-27,04:32PM,"Dow Jones Today: Index Plunges, Ending Streak, on Concern About Rate Hikes",negative
HON,2023-07-27,03:30PM,Honeywell International (HON) Q2 2023 Earnings Call Transcript,neutral
HON,2023-07-27,01:01PM,"Honeywell (HON) Beats on Q2 Earnings, Lifts 2023 Guidance",positive
HON,2023-07-27,09:49AM,Honeywell Beats Earnings Estimates. But the Stock Is Falling.,negative
HON,2023-07-27,07:50AM,"Honeywell posts better-than-expected profit on aviation boost, lifts forecast",positive
HON,2023-07-27,07:45AM,Honeywell International Inc. (HON) Q2 Earnings Beat Estimates,negative
HON,2023-07-27,07:34AM,"Honeywell posts better-than-expected profit on aviation boost, lifts forecast",positive
HON,2023-07-27,06:40AM,"Honeywell Earnings Top Forecasts, Sales Modestly Light, As Aerospace Profits Impress",positive
HON,2023-07-27,06:30AM,"HONEYWELL DELIVERS STRONG SECOND QUARTER RESULTS AND RAISES FULL-YEAR SALES, SEGMENT MARGIN, AND ADJUSTED EPS GUIDANCE",positive
HON,2023-07-26,04:23PM,Honeywell Earnings Could Say a Lot About the Industry Economys Health,neutral
HON,2023-07-26,08:46AM,Should You Buy Honeywell International (HON) Ahead of Earnings?,neutral
HON,2023-07-25,06:42PM,Buy These Diversified Operations Stocks After General Electric's Strong Earnings,neutral
HON,2023-07-25,10:01AM,Markel Group (MKL) Earnings Expected to Grow: What to Know Ahead of Q2 Release,positive
HON,2023-07-24,07:38PM,Analyst Report: Honeywell International Inc.,neutral
HON,2023-07-24,08:40AM,Weekly Stock List,neutral
HON,2023-07-21,05:50PM,Honeywell International Inc. (HON) Outpaces Stock Market Gains: What You Should Know,negative
HON,2023-07-20,07:21PM,20 Most Efficient Countries in the World,positive
HON,2023-07-20,10:02AM,Honeywell International Inc. (HON) Earnings Expected to Grow: What to Know Ahead of Next Week's Release,positive
HON,2023-07-20,09:00AM,Investors Heavily Search Honeywell International Inc. (HON): Here is What You Need to Know,neutral
HON,2023-07-20,08:00AM,HONEYWELL'S QUARTERLY ENVIRONMENTAL SUSTAINABILITY INDEX REVEALS VAST MAJORITY OF GLOBAL COMPANIES SURVEYED ARE INCREASING INVESTMENT IN SUSTAINABILITY,neutral
HON,2023-07-19,12:12PM,Can Honeywell (HON) Retain Beat Streak This Earnings Season?,neutral
HON,2023-07-19,09:52AM,Live Ventures Incorporated (LIVE) Moves 5.6% Higher: Will This Strength Last?,neutral
HON,2023-07-18,06:00PM,Honeywell International Inc. (HON) Stock Sinks As Market Gains: What You Should Know,neutral
HON,2023-07-18,04:15PM,Chemours and Honeywell Partner With Authorities in the European Union to Stop Illegal Refrigerant Imports in Greece,positive
HON,2023-07-18,01:21PM,Household cooling demand may increase 71% by 2050: Climate Central,positive
HON,2023-07-17,11:45AM,Why Honeywell International Inc. (HON) is a Top Dividend Stock for Your Portfolio,neutral
HON,2023-07-14,11:32AM,Markel (MKL) Rises 5% YTD: Should You Buy It for Better Returns?,positive
HON,2023-07-14,10:56AM,Honeywell (HON) Up 21% in a Year: Will the Momentum Continue?,positive
HON,2023-07-12,06:00PM,Honeywell International Inc. (HON) Stock Sinks As Market Gains: What You Should Know,neutral
HON,2023-07-12,09:04AM,"The Zacks Analyst Blog Highlights Caterpillar, salesforce.com, McDonald's, Visa and Honeywell International",neutral
HON,2023-07-12,08:26AM,Honeywell Still Looks Like a Honey of a Stock to Me,neutral
HON,2023-07-12,02:47AM,Honeywell and Resorts World Sentosa join forces to reduce carbon impact and energy use at Singapore's premier tourist destination,positive
HON,2023-07-11,11:40AM,BZLFY or HON: Which Is the Better Value Stock Right Now?,neutral
HON,2023-07-11,11:00AM,"Honeywell (HON) to Acquire Cybersecurity Business, SCADAfence",neutral
HON,2023-07-11,09:03AM,"The Zacks Analyst Blog Highlights Honeywell International, Humana, Keurig Dr Pepper, NextEra Energy and The Coca-Cola",neutral
HON,2023-07-11,08:25AM,Will Dow Regain Momentum in 2H 2023? 5 Top Picks,positive
HON,2023-07-11,05:45AM,3 Stocks That Are Down Big Despite the 2023 Market Rally,negative
HON,2023-07-11,12:54AM,PRESS DIGEST- Wall Street Journal - July 11,neutral
HON,2023-07-10,08:24AM,Buy 5 Underperformers of 1H That Are Set to Be on a Roll in 2H,neutral
HON,2023-07-10,07:15AM,"Honeywell to Acquire SCADAfence, Strengthening its Cybersecurity Software Portfolio",positive
HON,2023-07-06,06:15PM,Honeywell International Inc. (HON) Dips More Than Broader Markets: What You Should Know,neutral
HON,2023-07-06,12:10PM,Why Honeywell International Inc. (HON) Could Beat Earnings Estimates Again,positive
HON,2023-07-04,08:35AM,Strong Market Helped Honeywell International (HON) to Regain,positive
HON,2023-07-03,07:30AM,HONEYWELL EXITS SAVANNAH RIVER NUCLEAR SOLUTIONS JOINT VENTURE,neutral
HON,2023-07-03,06:42AM,The 3 Most Undervalued Quantum Computing Stocks to Buy Now: June 2023,neutral
HON,2023-06-30,06:00PM,Honeywell International Inc. (HON) Gains But Lags Market: What You Should Know,negative
HON,2023-06-30,04:25PM,GE Stock Rallies 68% Ahead Of Its Huge Aerospace Play. What's In Store For Investors.,positive
HON,2023-06-30,12:33PM,GE Stock Rallies 67% Ahead Of Its Huge Aerospace Play. What's In Store For Investors.,positive
HON,2023-06-30,09:54AM,3 Top Stocks From the Buoyant Diversified Operations Industry,neutral
HON,2023-06-29,06:15PM,Honeywell International Inc. (HON) Outpaces Stock Market Gains: What You Should Know,negative
HON,2023-06-29,01:38PM,GE Stock Rallies 64% Ahead Of Its Huge Aerospace Play. What's In Store For Investors.,positive
HON,2023-06-29,08:45AM,Honeywell (HON) to Acquire HUD Assets of Saab Technology,neutral
HON,2023-06-28,09:00AM,HONEYWELL BRINGING HEADS-UP DISPLAYS TO AIRCRAFT COCKPITS THROUGH ACQUISITION OF SAAB TECHNOLOGY,neutral
HON,2023-06-28,06:57AM,Honeywell (HON) & Fokker Tie Up for Component Repair Services,neutral
HON,2023-06-27,09:00AM,"HONEYWELL TO RELEASE SECOND QUARTER FINANCIAL RESULTS AND HOLD ITS INVESTOR CONFERENCE CALL ON THURSDAY, JULY 27",neutral
HON,2023-06-27,05:39AM,12 Best Manufacturing Stocks To Buy Now,neutral
HON,2023-06-27,04:54AM,10 Dow Stocks Billionaires Are Loading Up On,neutral
HON,2023-06-26,10:59AM,Honeywell's (HON) Aspire 350 Chosen for Dassault's Aircraft,neutral
HON,2023-06-23,06:00PM,Honeywell International Inc. (HON) Stock Moves -0.28%: What You Should Know,neutral
HON,2023-06-23,11:45AM,Honeywell International Inc. (HON) Could Be a Great Choice,neutral
HON,2023-06-23,11:40AM,BZLFY vs. HON: Which Stock Is the Better Value Option?,neutral
HON,2023-06-22,08:02AM,Honeywell (HON) to Integrate F124 Engine Into AERALIS' Fleet,neutral
HON,2023-06-22,06:00AM,HONEYWELL PARTNERS WITH FOKKER SERVICES GROUP FOR REPAIR AND OVERHAUL SERVICES,neutral
HON,2023-06-22,02:00AM,HONEYWELL'S ASPIRE 350 SELECTED FOR DASSAULT FALCON FLEET,neutral
HON,2023-06-21,10:40AM,Honeywell (HON) Unveils HEM Upgrade for Boeing 737's APU,positive
AAAU,2022-08-18,01:40PM,Best Gold ETFs for Q4 2022,neutral
AAAU,2022-01-19,05:50PM,Goldman Sachs Asset Management Announces Transfer of the Goldman Sachs Physical Gold ETF to the Cboe BZX Exchange,neutral
AAAU,2020-12-14,01:30PM,Goldman Takes Over Gold ETF,neutral
AAAU,2020-12-14,08:00AM,Goldman Sachs Asset Management Announces Addition of Goldman Sachs Physical Gold ETF (AAAU) to its ETF Suite,positive
AAAU,2020-08-11,01:14PM,Best Precious Metals ETFs for Q4 2020,neutral
AAAU,2020-06-26,12:10PM,Gold Beats Stocks & Bonds in 1H: ETFs to Play,neutral
AAAU,2020-05-18,12:08PM,What Are Some Safe Investment Options Right Now?,neutral
AAAU,2020-02-05,07:21AM,Thank ETF investors for higher gold prices,positive
AAAU,2019-08-26,11:02AM,Say GDay To Gold ETF AAAU Backed by Australia,neutral
AAAU,2019-08-06,06:29PM,Should You Buy Gold ETFs Now?,neutral
AAAU,2019-08-06,02:56PM,Gold ETFs & the World's Largest Gold Coin,neutral
AAAU,2019-07-17,01:35PM,NYSE Greets Huge Gold Coin to Showcase Perth Mint ETF,neutral
AAAU,2019-07-16,11:42AM,The Perth Mint to Ring NYSE Closing Bell Today,neutral
AAAU,2019-06-20,09:00AM,The Perth Mint Physical Gold ETF Recruits Commodity ETF Authority Kevin Rich To Support Distribution,positive
AAAU,2018-09-11,04:39PM,A Physical Gold ETF Backed by The Perth Mint,neutral
AAAU,2018-09-10,05:20PM,Combating Geopolitical Risks in Your Portfolio,neutral
AAAU,2018-08-23,03:06PM,Investors Get a Shiny New Gold ETF,neutral
AAAU,2018-08-15,12:44PM,"Exchange Traded Concepts, Perth Mint Launch Physical Gold ETF",neutral
AAAU,2018-08-15,09:00AM,Exchange Traded Concepts Marks the Launch of the Perth Mint Physical Gold ETF (NYSE Arca: AAAU),neutral
